key_2,report_year,comp_name,sec_code,badflag_m4,Finanomalies142,Leverage9,Finanomalies122,Finanomalies101,Finanomalies100,Finanomalies97,Finanomalies112,Finanomalies5,Finanomalies1,Finanomalies32,Finanomalies87,Finanomalies61
福建金森林业股份有限公司_20201231,2020,福建金森林业股份有限公司,A,0,0.563975417,0.034114036,0.0497855679999999,0.118310935,0.102514764,0.0,0.0,0.036157289,0.156772042,0.0032721729999999,0.948890418,0.655019304
山东民和牧业股份有限公司_20201231,2020,山东民和牧业股份有限公司,A,0,0.8370156329999999,0.1152692969999999,0.022107946,2.819430067,1.777821731,-0.53129102,0.083429205,0.008207243,0.040047394,0.004261052,0.309042634,0.288255387
袁隆平农业高科技股份有限公司_20201231,2020,袁隆平农业高科技股份有限公司,A,0,0.053315287,0.0510128429999999,0.062810175,2.23600813,0.278794896,-0.635911592,0.011641418,0.053067943,0.0724045629999999,0.003108536,0.2001794089999999,0.415558252
新疆库尔勒香梨股份有限公司_20201231,2020,新疆库尔勒香梨股份有限公司,A,0,0.0,0.0,0.189085865,0.904747639,888.8318988,0.0,0.0,0.02371624,0.028168807,0.00536075,0.0,0.033189787
海默科技(集团)股份有限公司_20201231,2020,海默科技(集团)股份有限公司,B,0,0.096223806,0.137226917,0.023139542,0.980149859,0.283178561,1.063675857,8.2e-06,0.251844151,0.126162744,0.015703648,-9.003836308,0.363679532
新疆贝肯能源工程股份有限公司_20201231,2020,新疆贝肯能源工程股份有限公司,B,0,0.7281027179999999,0.410724717,0.0111621,9.057450295,0.397837055,-0.308669908,0.012432826,0.3820621279999999,0.038667529,0.00394379,0.63143558,0.233337748
金诚信矿业管理股份有限公司_20201231,2020,金诚信矿业管理股份有限公司,B,0,0.452508178,0.205991198,0.017205616,1.033863446,1.144885152,0.261525753,0.003676778,0.259830548,0.020790427,0.004225538,1.095432543,0.26962366
烟台园城黄金股份有限公司_20201231,2020,烟台园城黄金股份有限公司,B,0,0.127713592,0.29638635,0.6667402579999999,0.608897568,0.0,0.0,0.0,0.026730075,0.00073514,0.023612077,0.0,0.56997673
兖州煤业股份有限公司_20201231,2020,兖州煤业股份有限公司,B,0,0.103947774,0.078393336,0.354264606,0.0,0.253381641,0.668373181,0.0904419619999999,0.015637825,0.016659346,0.015913578,0.638421593,0.152055609
万马科技股份有限公司_20201231,2020,万马科技股份有限公司,C,0,0.6321751720000001,0.4100889479999999,0.0262276,1.532557323,1.089544702,0.13419299,0.0,0.367973026,0.038086291,0.00219845,0.0,0.324669476
乐普(北京)医疗器械股份有限公司_20201231,2020,乐普(北京)医疗器械股份有限公司,C,0,0.151165529,0.099041727,0.058548359,4.55516465,0.45569531,-0.73668449,0.034556459,0.116468957,0.021712116,0.011255397,1.02846265,0.6802859509999999
深圳市新亚电子制程股份有限公司_20201231,2020,深圳市新亚电子制程股份有限公司,C,0,0.129709413,0.265471984,0.007971389,2.301440354,1.180749908,0.052692115,0.00376015,0.25264968,0.455403155,0.0030852759999999,0.2757367739999999,0.173650625
苏州世名科技股份有限公司_20201231,2020,苏州世名科技股份有限公司,C,0,0.672896727,0.4321162979999999,0.167597223,1.275550981,9.231165973,-1.0,0.113425208,0.076495892,0.018643461,0.008211791,1.18878314,0.42178329
江苏林洋能源股份有限公司_20201231,2020,江苏林洋能源股份有限公司,C,0,0.44075574,0.125307548,0.01105442,1.014966264,0.419391915,1.223162734,0.016177912,0.193381382,0.026971889,0.004848254,0.943706887,0.371973552
青岛特锐德电气股份有限公司_20201231,2020,青岛特锐德电气股份有限公司,C,0,0.53583634,0.295981862,0.050338635,11.95555036,0.493707776,0.389900482,0.013953236,0.290705743,0.051975879,0.004620378,0.8481407470000001,0.236000061
搜于特集团股份有限公司_20201231,2020,搜于特集团股份有限公司,C,0,0.340620741,0.0783494679999999,0.03935814,4.684005696,0.2462412769999999,-0.328295155,0.000898803,0.284848395,0.011800165,0.001436229,0.0,0.0764998809999999
海南钧达汽车饰件股份有限公司_20201231,2020,海南钧达汽车饰件股份有限公司,C,0,0.197821023,0.2941653489999999,0.018011185,3.084036332,0.985300543,0.05609473,0.051895129,0.115451625,0.053028964,0.010616086,0.124559538,0.258027729
贵州航天电器股份有限公司_20201231,2020,贵州航天电器股份有限公司,C,0,0.498559257,0.491901166,0.033059489,1.242384992,16.72605099,0.080842864,0.004222786,0.608331443,0.01713766,0.002362755,8.265327791,0.355753515
浙江方正电机股份有限公司_20201231,2020,浙江方正电机股份有限公司,C,0,0.346470016,0.452240643,0.020895433,4.399878997,0.517642003,-0.185604785,0.061024937,0.200654268,0.034428845,0.00299028,-12.858659800000002,0.193876348
无锡上机数控股份有限公司_20201231,2020,无锡上机数控股份有限公司,C,0,0.199876334,0.225912675,0.021637659,7.505800092999999,1.69426747,-0.02129621,0.122892459,0.030958156,0.105873106,0.00378513,7.419966626,0.39103137
北京合纵科技股份有限公司_20201231,2020,北京合纵科技股份有限公司,C,0,0.53997541,0.292114711,0.04327967,0.0,0.351301505,1.131590183,0.026955301,0.1998154889999999,0.099043154,0.006212068,-3.706256826,0.194906731
合肥合锻智能制造股份有限公司_20201231,2020,合肥合锻智能制造股份有限公司,C,0,0.397438156,0.260218843,0.0251224229999999,1.4256524730000002,0.688555268,0.006172186,0.000332788,0.184721935,0.031146866,0.009699161,0.67777226,0.334213629
厦门光莆电子股份有限公司_20201231,2020,厦门光莆电子股份有限公司,C,0,0.707159082,0.350497687,0.050958062,0.593828029,6.659985292999999,-0.74633148,0.000251644,0.101335759,0.018942848,0.005472309,0.6949316329999999,0.326180559
国投中鲁果汁股份有限公司_20201231,2020,国投中鲁果汁股份有限公司,C,0,0.6714103359999999,0.0469915829999999,0.01001631,13.97732568,0.141021011,0.0,0.001585385,0.139119969,0.016162741,0.007752506,0.0,0.207838732
四川西部资源控股股份有限公司_20201231,2020,四川西部资源控股股份有限公司,C,0,5.34e-05,0.00055407,0.582588063,0.0,0.318704658,2.995156574,0.0,0.00048397,0.075678777,0.011611741,-0.231864976,0.4119524539999999
哈尔滨东安汽车动力股份有限公司_20201231,2020,哈尔滨东安汽车动力股份有限公司,C,0,0.0,0.360381281,0.044829884,31.24183214,1.593325385,0.0,0.008370022,0.425190506,0.0044058909999999,0.00423947,0.398983498,0.130056852
海南普利制药股份有限公司_20201231,2020,海南普利制药股份有限公司,C,0,0.837323149,0.181315763,0.1170845859999999,2.129250277,0.936841095,-0.2747012339999999,0.334625081,0.195786522,0.077570764,0.008388115,1.378619298,0.7996784309999999
珠海赛隆药业股份有限公司_20201231,2020,珠海赛隆药业股份有限公司,C,0,0.5071314610000001,0.284200347,0.079345165,2.292332706,0.483793591,2.11200089,0.0803252,0.075580369,0.0916014719999999,0.024548639,-268.97278989999995,0.612377586
中国铝业股份有限公司_20201231,2020,中国铝业股份有限公司,C,0,0.089859707,0.080602437,0.122679504,0.0,0.125652898,0.497947971,0.019819541,0.0243558439999999,0.005851864,0.008607771,0.154248966,0.08038404
深圳市德方纳米科技股份有限公司_20201231,2020,深圳市德方纳米科技股份有限公司,C,0,0.218260443,0.279327481,0.040439161,1.791350211,3.503116264,0.210759633,0.178224889,0.068987657,0.078526165,0.007473728,-0.408291511,0.2092709489999999
江苏鹿港文化股份有限公司_20201231,2020,江苏鹿港文化股份有限公司,C,0,1.008487116,0.1868521839999999,0.037387084,0.0,0.42683479,0.063579954,0.0001932879999999,0.134766112,0.020270998,0.007042909,0.0,0.150817149
浙江金海环境技术股份有限公司_20201231,2020,浙江金海环境技术股份有限公司,C,0,0.7179845,0.24401082,0.03533095,1.630232386,2.2873407930000003,2.009680731,0.004742324,0.147499408,0.043650441,0.006813852,0.760504308,0.329451356
山东海化股份有限公司_20201231,2020,山东海化股份有限公司,C,0,0.975355742,0.4660471229999999,0.057067993,5.269074875,0.0,0.616719182,0.007237988,0.0029237079999999,0.023223939,0.01578429,0.0,0.155273092
深圳市英可瑞科技股份有限公司_20201231,2020,深圳市英可瑞科技股份有限公司,C,0,0.8428400709999999,0.353639822,0.171756123,0.60289315,7.424908647,-0.136687217,0.174156743,0.231285082,0.068977637,0.003571749,0.374385051,0.372785082
青岛国林环保科技股份有限公司_20201231,2020,青岛国林环保科技股份有限公司,C,0,0.986483538,0.386017061,0.009247386,0.718055393,9.061740409,0.8099890809999999,0.042283065,0.1855719489999999,0.037962415,0.011730351,1.293921237,0.419251356
赛摩电气股份有限公司_20201231,2020,赛摩电气股份有限公司,C,0,0.457314846,0.3390224979999999,0.023860276,1.3784453630000002,0.76893312,0.988165653,0.003312653,0.343421498,0.076083604,0.010106661,97.62815946,0.416247359
福建雪人股份有限公司_20201231,2020,福建雪人股份有限公司,C,0,0.36899928,0.148216966,0.021785449,6.109509851,0.304570158,0.477938944,0.000741427,0.17291256,0.096272444,0.007885698,-1.5427543890000002,0.228450655
浪潮电子信息产业股份有限公司_20201231,2020,浪潮电子信息产业股份有限公司,C,0,0.915854964,0.426121894,0.0056489359999999,4.78349069,2.890705625,-0.486868127,0.000461518,0.214163315,0.005387035,0.0014537379999999,0.74810036,0.117996698
浙江京华激光科技股份有限公司_20201231,2020,浙江京华激光科技股份有限公司,C,0,0.6439869979999999,0.589082463,0.045146424,1.461635605,0.0,0.388759718,0.000585184,0.186683911,0.0153043219999999,0.006239341,1.13580504,0.324859851
北京鼎汉技术集团股份有限公司_20201231,2020,北京鼎汉技术集团股份有限公司,C,0,0.413738554,0.190472188,0.023288759,1.961352576,0.318944615,-0.013493359,0.001085604,0.3539733379999999,0.089589316,0.009942735,-9.912366649,0.343266161
神州高铁技术股份有限公司_20201231,2020,神州高铁技术股份有限公司,C,0,0.071945274,0.154298467,0.013815866,1.204280263,0.184129871,-0.47743802,0.00245729,0.263067708,0.163421356,0.008635485,-1.6475473319999998,0.474251154
北京金一文化发展股份有限公司_20201231,2020,北京金一文化发展股份有限公司,C,0,0.3569568429999999,0.046927084,0.006510981,1.655319596,0.067275234,-0.341381235,0.0,0.308418353,0.0255499439999999,0.00483361,0.0,0.101922135
重庆正川医药包装材料股份有限公司_20201231,2020,重庆正川医药包装材料股份有限公司,C,0,0.902997191,0.436131174,0.025866366,1.300368079,5.414988666,-0.736591795,0.189613266,0.085155598,0.136707583,0.01624796,0.508140806,0.289910402
三变科技股份有限公司_20201231,2020,三变科技股份有限公司,C,0,1.0,0.2411254239999999,0.029097346,8.16245684,0.085452454,-0.662246008,0.005656264,0.3642279229999999,0.267395731,0.00494066,0.0,0.160797406
东方日升新能源股份有限公司_20201231,2020,东方日升新能源股份有限公司,C,0,0.669729269,0.221008547,0.010423776,0.0,0.622391323,-0.109275497,0.04731073,0.134207782,0.070157694,0.005549958,0.607406284,0.180344068
四川宏达股份有限公司_20201231,2020,四川宏达股份有限公司,C,0,0.965674071,0.07862847,0.485460715,0.0,0.2206521739999999,-0.154737611,0.018371572,0.01534013,0.014198825,0.006336565,0.0,0.1139295819999999
广州市浪奇实业股份有限公司_20201231,2020,广州市浪奇实业股份有限公司,C,0,0.476752712,0.07310883,0.1068978719999999,0.0,0.237864617,0.192638215,0.075957868,0.118735355,0.155784454,0.004167655,0.0,0.046257343
日播时尚集团股份有限公司_20201231,2020,日播时尚集团股份有限公司,C,0,0.768735378,0.47170226,0.173662736,2.792195211,0.0,-1.0,0.096322906,0.040120292,0.063469031,0.007774857,-1.026981548,0.593660568
深圳市证通电子股份有限公司_20201231,2020,深圳市证通电子股份有限公司,C,0,0.989907807,0.134958483,0.009160558,1.846473349,0.164937417,0.238691889,0.139565446,0.239183087,0.063159815,0.007920136,0.042043356,0.2709907019999999
天奇自动化工程股份有限公司_20201231,2020,天奇自动化工程股份有限公司,C,0,0.272835275,0.25621308,0.0171102939999999,7.15335844,0.491285575,-0.182604026,0.008981681,0.197428221,0.0450261,0.006612279,0.66504692,0.209212946
广东乐心医疗电子股份有限公司_20201231,2020,广东乐心医疗电子股份有限公司,C,0,0.738367071,0.318359943,0.048397097,6.247846206,8.001913896,1.091563676,0.073103157,0.205626181,0.010042064,0.003147439,0.925366784,0.270616921
广州海鸥住宅工业股份有限公司_20201231,2020,广州海鸥住宅工业股份有限公司,C,0,0.435058758,0.32880332,0.1339308119999999,2.871571972,0.701571315,0.937976596,0.0228409579999999,0.295906034,0.022999411,0.006917814,2.0656948980000003,0.2233032089999999
爱柯迪股份有限公司_20201231,2020,爱柯迪股份有限公司,C,0,0.952216043,0.224466218,0.074015281,0.948974064,472.2277998,0.169465026,0.0097136769999999,0.135721264,0.025790932,0.008952836,0.640871018,0.3612038
深圳开立生物医疗科技股份有限公司_20201231,2020,深圳开立生物医疗科技股份有限公司,C,0,0.951474288,0.131688295,0.113810145,1.753404498,1.217919416,-0.999979489,0.113235349,0.1101345069999999,0.047555753,0.009576746,-0.162918092,0.66984324
沪士电子股份有限公司_20201231,2020,沪士电子股份有限公司,C,0,0.7522978690000001,0.384640343,0.0,3.5054654110000003,0.88288729,1210.266225,0.014475315,0.1824198219999999,0.007668101,0.007606127,0.930604303,0.233820968
昆明龙津药业股份有限公司_20201231,2020,昆明龙津药业股份有限公司,C,0,0.878592162,0.111474309,0.706970832,0.605796019,0.0,0.0,0.025708087,0.053354212,0.095349062,0.019994189,0.0,0.842163041
兰州长城电工股份有限公司_20201231,2020,兰州长城电工股份有限公司,C,0,0.007114655,0.238474438,0.10461273,3.113400902,0.221636117,0.418176034,0.002336236,0.272904523,0.057245045,0.009579909,0.0,0.214346706
株洲飞鹿高新材料技术股份有限公司_20201231,2020,株洲飞鹿高新材料技术股份有限公司,C,0,0.663154667,0.304427479,0.0264137339999999,2.229425733,0.499968381,-0.085857686,0.168031946,0.293501076,0.080833293,0.006025764,0.88921051,0.27606628
河南四方达超硬材料股份有限公司_20201231,2020,河南四方达超硬材料股份有限公司,C,0,0.955638395,0.15002162,0.256986511,0.56550969,0.0,0.023344511,0.0,0.187412204,0.24169306,0.0147472089999999,0.52221878,0.503459147
东莞宜安科技股份有限公司_20201231,2020,东莞宜安科技股份有限公司,C,0,0.705855868,0.293733723,0.013672246,1.744500668,1.386057012,-0.376492006,0.021113291,0.157559398,0.165695938,0.006811113,-0.053290805,0.2364753789999999
华西能源工业股份有限公司_20201231,2020,华西能源工业股份有限公司,C,0,0.603271265,0.2959768889999999,0.139084588,1.576006629,0.085883388,0.121084079,0.0,0.1304225209999999,0.2114471889999999,0.009921777,-16.06863487,0.1846940269999999
河南清水源科技股份有限公司_20201231,2020,河南清水源科技股份有限公司,C,0,0.459950445,0.154034771,0.136942186,4.502514105,0.340111957,1.137038639,0.123714008,0.166521046,0.063147775,0.007843919,-1.962391717,0.308494842
上海韦尔半导体股份有限公司_20201231,2020,上海韦尔半导体股份有限公司,C,0,0.065613307,0.140193646,0.143848928,2.804662273,0.876818036,-0.254364368,0.005467055,0.112073725,0.037621632,0.000943687,0.8838910190000001,0.242733866
宁波旭升汽车技术股份有限公司_20201231,2020,宁波旭升汽车技术股份有限公司,C,0,1.0,0.406289242,0.003015037,1.343723994,6.876708183,-0.1386103169999999,0.189498451,0.091848796,0.034335194,0.004773415,0.8005322340000001,0.40077825
江西三鑫医疗科技股份有限公司_20201231,2020,江西三鑫医疗科技股份有限公司,C,0,0.848591304,0.315580647,0.076833586,8.54330587,0.841682472,-0.0562495509999999,0.077175997,0.075490807,0.0440148509999999,0.009292614,0.568618901,0.3220292999999999
广东好太太科技集团股份有限公司_20201231,2020,广东好太太科技集团股份有限公司,C,0,0.914981409,0.464379217,0.037720903,1.237280013,0.0,9.743226303,0.042057908,0.049504695,0.007423913,0.009185206,2.048136602,0.44158258
天创时尚股份有限公司_20201231,2020,天创时尚股份有限公司,C,0,0.546140799,0.174251126,0.218835416,1.4073987140000002,0.8189990509999999,0.0,0.096810954,0.0857842519999999,0.0097045969999999,0.0087627709999999,-1.809028925,0.57047857
力合科技(湖南)股份有限公司_20201231,2020,力合科技(湖南)股份有限公司,C,0,0.996956633,0.20457493,0.006022464,0.453512094,1629.891091,0.096433229,0.001420796,0.121874663,0.081461143,0.009607816,1.339259908,0.499059087
宁波柯力传感科技股份有限公司_20201231,2020,宁波柯力传感科技股份有限公司,C,0,0.885605512,0.225365108,0.061120901,0.695292163,1.18814773,0.1809551139999999,0.019658896,0.068773584,0.123318291,0.0121503469999999,0.946977421,0.407616501
陕西坚瑞沃能股份有限公司_20201231,2020,陕西坚瑞沃能股份有限公司,C,0,0.53781844,0.055534654,0.2063262039999999,0.521098553,1.220069336,-1.0,0.017179283,0.193990426,0.3096251339999999,0.015927026,0.0,0.1111147169999999
永悦科技股份有限公司_20201231,2020,永悦科技股份有限公司,C,0,0.983158257,0.038273426,0.037672539,0.934522067,7.81460756,0.672774908,0.0,0.363634529,0.00717271,0.004471954,2.698428121,0.162058492
安徽合力股份有限公司_20201231,2020,安徽合力股份有限公司,C,0,0.904234593,0.5090644529999999,0.026248538,3.174164968,3.13568442,1776.771251,0.017850331,0.1062328269999999,0.006876408,0.007041273,1.033563556,0.203460708
兄弟科技股份有限公司_20201231,2020,兄弟科技股份有限公司,C,0,0.283791358,0.1983014069999999,0.0,3.443548957,0.5549750720000001,-0.270788572,0.1081524369999999,0.046638569,0.107776057,0.007687673,0.0,0.32596269
远东智慧能源股份有限公司_20201231,2020,远东智慧能源股份有限公司,C,0,0.020802511,0.282564328,0.054155036,0.0,0.50289234,0.31999073,0.009096434,0.251098854,0.006542975,0.003703804,-0.971904073,0.149835145
广东榕泰实业股份有限公司_20201231,2020,广东榕泰实业股份有限公司,C,0,0.737235248,0.034606605,0.178975523,1.214616737,0.519241335,0.026781152,0.042936177,0.159707024,2.559788631,0.006332811,0.0,0.215466098
湖南盐业股份有限公司_20201231,2020,湖南盐业股份有限公司,C,0,0.380528895,0.117992589,0.268123154,4.598033302,0.5228637420000001,1.32777006,0.124028901,0.017932286,0.017136487,0.028247217,0.833945169,0.455545635
四川金石亚洲医药股份有限公司_20201231,2020,四川金石亚洲医药股份有限公司,C,0,0.034060396,0.183037678,0.176987041,1.379832495,41.07579739,-1.0,0.014613382,0.015486888,0.0843798809999999,0.022024347,-5.022514918,0.56581757
南京聚隆科技股份有限公司_20201231,2020,南京聚隆科技股份有限公司,C,0,0.92200576,0.349527631,0.0303670989999999,3.230589802,0.722295699,-0.36902715,0.106673963,0.254669689,0.0110263169999999,0.004204992,4.894118851,0.179268733
浙江嘉化能源化工股份有限公司_20201231,2020,浙江嘉化能源化工股份有限公司,C,0,0.806150699,0.339005369,0.303815419,10.413526,2.119159545,0.0,0.191373361,0.051213588,0.00848021,0.005407977,1.0793301709999998,0.314233334
福建七匹狼实业股份有限公司_20201231,2020,福建七匹狼实业股份有限公司,C,0,0.506848151,0.176856291,0.113409632,2.607003275,1.4145728380000002,0.184475675,0.0,0.044173823,0.057496113,0.007255208,0.423394869,0.4335683829999999
江苏鼎胜新能源材料股份有限公司_20201231,2020,江苏鼎胜新能源材料股份有限公司,C,0,0.756417025,0.080237888,0.0,24.80127619,0.1576670309999999,0.243714805,0.100300106,0.1179447769999999,0.2248514519999999,0.00343497,0.0,0.098952876
山东丰元化学股份有限公司_20201231,2020,山东丰元化学股份有限公司,C,0,0.57379593,0.133314015,0.042149804,0.0,0.945674671,4.584889523999999,0.142542764,0.129833188,0.021779891,0.008108695,-8.556734249,0.17855719
大恒新纪元科技股份有限公司_20201231,2020,大恒新纪元科技股份有限公司,C,0,0.078567028,0.342704374,0.069835959,1.985837897,6.286532276,-0.55297981,0.0,0.241473888,0.044168402,0.008516285,0.650331895,0.264516294
苏州工业园区和顺电气股份有限公司_20201231,2020,苏州工业园区和顺电气股份有限公司,C,0,0.429486147,0.490621915,0.002117122,1.434374765,1.229719542,0.663100908,0.0,0.37427223,0.045844493,0.0030604129999999,-4.231308101000001,0.214062682
重庆小康工业集团股份有限公司_20201231,2020,重庆小康工业集团股份有限公司,C,0,0.003134289,0.257894383,0.039571975,0.0,0.522529647,-0.1275966469999999,0.071174616,0.02557313,0.120848114,0.024770806,-2.017157261,0.174505798
深圳市欣天科技股份有限公司_20201231,2020,深圳市欣天科技股份有限公司,C,0,0.382805097,0.61559528,0.083949718,0.6634490120000001,13.40883749,-0.842845029,0.0,0.226338772,0.049973227,0.009806868,0.131809957,0.33791677
郑州煤矿机械集团股份有限公司_20201231,2020,郑州煤矿机械集团股份有限公司,C,0,0.301499955,0.257694537,0.054247074,2.992603744,0.6278161529999999,0.163220435,0.016897868,0.233113801,0.020401358,0.004289141,0.8091206209999999,0.21339302
唐人神集团股份有限公司_20201231,2020,唐人神集团股份有限公司,C,0,0.084464444,0.171590531,0.17803279,17.00299024,0.422809072,-0.8281003029999999,0.1121403119999999,0.029838386,0.009591085,0.001548627,1.063426658,0.102153228
江西恒大高新技术股份有限公司_20201231,2020,江西恒大高新技术股份有限公司,C,0,0.552245075,0.175059625,0.102116204,0.771430024,3.017219994,-0.261714033,0.021994944,0.168380625,0.097209258,0.0143599989999999,-6.600543192999999,0.401737906
珠海格力电器股份有限公司_20201231,2020,珠海格力电器股份有限公司,C,0,0.641155174,0.194684971,0.014969891,3.049613518,6.154411787999999,0.132891018,0.014383327,0.03129538,0.027933117,0.005734871,1.353709071,0.299021957
华辰精密装备(昆山)股份有限公司_20201231,2020,华辰精密装备(昆山)股份有限公司,C,0,0.98453537,0.089076536,0.002002253,0.191876884,4.330410595,0.0,0.0036282159999999,0.049398686,0.215462651,0.011544725,0.381682856,0.4665023479999999
金杯汽车股份有限公司_20201231,2020,金杯汽车股份有限公司,C,0,0.0033934309999999,0.37708936,0.145595924,9.81766993,1.882984326,-0.766627745,0.009619635,0.246946286,0.027987495,0.004567256,0.790976337,0.137793494
江西国泰集团股份有限公司_20201231,2020,江西国泰集团股份有限公司,C,0,0.458358311,0.169611166,0.104130066,2.338454087,0.789041202,2.344959612,0.050382703,0.122333355,0.035966023,0.006777658,0.944710706,0.404004704
浙江佐力药业股份有限公司_20201231,2020,浙江佐力药业股份有限公司,C,0,0.589689157,0.252503002,0.033113189,2.977830747,0.729320005,6.628944083,0.000363007,0.110070252,0.016992663,0.013670388,0.393144407,0.621933386
杭州炬华科技股份有限公司_20201231,2020,杭州炬华科技股份有限公司,C,0,0.858132783,0.547183455,0.015289456,0.605966322,0.0,-0.046080097,0.0453528709999999,0.117660746,0.0220828379999999,0.00568448,2.008224231,0.367569747
上海龙头(集团)股份有限公司_20201231,2020,上海龙头(集团)股份有限公司,C,0,0.09852458,0.074593433,0.086240158,2.822746881,0.66365396,-0.629736741,0.005489614,0.161679979,0.042324329,0.00555484,-1.398872769,0.243421333
襄阳汽车轴承股份有限公司_20201231,2020,襄阳汽车轴承股份有限公司,C,0,0.678400325,0.295246053,0.044983126,0.0,0.125418523,0.003244282,0.018117275,0.15153766,0.0218103789999999,0.016382846,0.0,0.100795331
山东双一科技股份有限公司_20201231,2020,山东双一科技股份有限公司,C,0,0.896083327,0.477102062,0.0515172709999999,1.577237201,0.0,0.7966854720000001,0.029218155,0.233441846,0.019654031,0.008161629,1.274160517,0.415753586
武汉天喻信息产业股份有限公司_20201231,2020,武汉天喻信息产业股份有限公司,C,0,0.892221941,0.2160010289999999,0.07662405,2.151992223,3.178753849,-0.7806119090000001,0.000351465,0.26121798,0.021428057,0.005178354,-0.23458226,0.25474742
凯迪生态环境科技股份有限公司_20201231,2020,凯迪生态环境科技股份有限公司,D,0,0.0,0.140726147,0.183270717,0.0,0.013350882,-1.0,0.133954936,0.077329591,0.0344116229999999,0.033819156,-4.82540401,0.066241973
河南豫能控股股份有限公司_20201231,2020,河南豫能控股股份有限公司,D,0,0.002173496,0.124331107,0.062591855,0.0,0.095202745,-0.760864785,0.107259276,0.077564581,0.026129877,0.01114542,0.452266248,0.09011475
四川大通燃气开发股份有限公司_20201231,2020,四川大通燃气开发股份有限公司,D,0,0.018260907,0.112974948,0.032667262,0.0,0.191814084,-0.569332851,0.045004903,0.055202281,0.021915617,0.007224869,0.577669839,0.236349067
新疆火炬燃气股份有限公司_20201231,2020,新疆火炬燃气股份有限公司,D,0,0.503381025,0.077747182,0.090824117,2.521020612,1.61687342,0.0,0.033999942,0.066002965,0.017982961,0.007917528,0.403381024,0.39653703
黑龙江国中水务股份有限公司_20201231,2020,黑龙江国中水务股份有限公司,D,0,0.055577098,0.110997815,0.060285994,0.262014141,2.723988108,0.0,0.081237071,0.050289987,0.2193404189999999,0.020924021,0.0,0.330731943
森特士兴集团股份有限公司_20201231,2020,森特士兴集团股份有限公司,E,0,1.000180592,0.26558813,0.007270346,1.545729907,0.744224001,-0.03811628,0.009651299,0.253387104,0.006617677,0.002891473,3.859477649,0.2065762589999999
深圳市维业装饰集团股份有限公司_20201231,2020,深圳市维业装饰集团股份有限公司,E,0,0.750558602,0.471536609,0.006836025,2.729025853,1.50862389,0.068201916,0.0,0.2239970539999999,0.039055541,0.003931915,0.46644519,0.133649964
深圳市建艺装饰集团股份有限公司_20201231,2020,深圳市建艺装饰集团股份有限公司,E,0,0.998934698,0.333957781,0.021070797,3.4421810880000003,0.247577939,-0.101547784,0.004179607,0.624782995,0.028537092,0.0057235409999999,0.0,0.146860032
成都市路桥工程股份有限公司_20201231,2020,成都市路桥工程股份有限公司,E,0,0.96489658,0.349043326,0.174938041,2.305561175,0.39040591,-0.744369678,0.000505412,0.0870385769999999,0.114993931,0.002555949,0.0,0.0387603679999999
上海汇通能源股份有限公司_20201231,2020,上海汇通能源股份有限公司,F,0,0.471676412,0.129318661,0.481690152,0.141510333,0.0,0.0,0.0,0.008124446,107.9634503,0.038435659,0.0,0.272652638
一心堂药业集团股份有限公司_20201231,2020,一心堂药业集团股份有限公司,F,0,0.6939454620000001,0.507052641,0.044468559,3.97245109,27.04156835,0.219354306,0.001652851,0.087050437,0.0133191989999999,0.002543496,0.8882958590000001,0.39570672
深圳市同益实业股份有限公司_20201231,2020,深圳市同益实业股份有限公司,F,0,0.7119156240000001,0.388530467,0.008709583,6.164091186,0.42970106,-0.572594842,0.009287786,0.544619679,0.008516013,0.0013779279999999,0.0,0.103536489
广州市广百股份有限公司_20201231,2020,广州市广百股份有限公司,F,0,0.509607426,0.294940531,0.1524267809999999,2.820544122,0.0,0.7574910890000001,0.007737757,0.0069618269999999,0.036554477,0.0262227789999999,4.70051284,0.2144410239999999
利群商业集团股份有限公司_20201231,2020,利群商业集团股份有限公司,F,0,0.044716889,0.143135798,0.221054797,0.0,0.205257595,-0.4271614039999999,0.098341708,0.014181252,0.071281176,0.008887126,0.349087593,0.225555555
四川成渝高速公路股份有限公司_20201231,2020,四川成渝高速公路股份有限公司,G,0,0.442086267,0.080911155,0.105134172,0.0,0.177118047,0.157039368,0.003081415,0.00824041,0.124719215,0.010618464,0.424106958,0.332866901
港中旅华贸国际物流股份有限公司_20201231,2020,港中旅华贸国际物流股份有限公司,G,0,0.607041232,0.55793925,0.128731874,5.45836465,4.480111228,0.7428501809999999,0.001279769,0.3760283729999999,0.007211534,0.0006784639999999,0.960266039,0.118018273
普元信息技术股份有限公司_20201231,2020,普元信息技术股份有限公司,I,0,1.0,0.180002171,0.075710127,0.379379975,0.0,-0.319267089,0.000995124,0.190412995,0.0367010679999999,0.006365251,1.5107426169999998,0.596387232
依米康科技集团股份有限公司_20201231,2020,依米康科技集团股份有限公司,I,0,0.300282355,0.277209653,0.070967296,5.163918576,0.260392128,0.4815501029999999,0.00076414,0.340637737,0.018015622,0.006891533,0.0,0.231776122
安徽皖通科技股份有限公司_20201231,2020,安徽皖通科技股份有限公司,I,0,0.6665579229999999,0.594067484,0.0089058619999999,1.187656145,33.23511764,-0.552148829,0.020684811,0.256140872,0.707172858,0.004443297,-2.308332479,0.263006635
北京辰安科技股份有限公司_20201231,2020,北京辰安科技股份有限公司,I,0,0.471328828,0.502024014,0.021002476,1.171066458,1.809328742,-0.2978545589999999,0.0,0.437827861,0.050913895,0.004919771,2.026638933,0.5129901339999999
北京宝兰德软件股份有限公司_20201231,2020,北京宝兰德软件股份有限公司,I,0,0.928329371,0.047113788,0.054591647,0.190353371,0.0,0.091815913,0.0,0.171603664,0.067721424,0.009026006,2.607907416,0.945470732
湖北盛天网络技术股份有限公司_20201231,2020,湖北盛天网络技术股份有限公司,I,0,0.366872863,0.4159089139999999,0.054439137,1.269962052,7.254017354,-1.0,0.0,0.141487508,0.090828523,0.002678515,0.790179654,0.397195154
上海天玑科技股份有限公司_20201231,2020,上海天玑科技股份有限公司,I,0,1.001984888,0.513324816,0.028151596,0.508737923,0.0,0.478917362,0.0,0.066152975,0.054333307,0.008670395,2.855429777,0.335607302
华扬联众数字技术股份有限公司_20201231,2020,华扬联众数字技术股份有限公司,I,0,0.798217053,0.622754361,0.072508705,6.876752395,0.31398297,0.217446102,0.0,0.7231481129999999,0.018386098,0.0,0.0,0.118758039
汉鼎宇佑互联网股份有限公司_20201231,2020,汉鼎宇佑互联网股份有限公司,I,0,0.8261650429999999,0.393109361,0.028037971,8.263655303,0.4141804089999999,-0.2251458439999999,0.0,0.084485054,0.21073672,0.009923639,0.0,0.152375323
上海中信信息发展股份有限公司_20201231,2020,上海中信信息发展股份有限公司,I,0,0.799730987,0.184981898,0.03953789,0.0,0.374439892,0.793958666,0.271550939,0.324057649,0.138823928,0.0070888209999999,-2.674216483,0.333190993
中孚信息股份有限公司_20201231,2020,中孚信息股份有限公司,I,0,0.253980425,0.46060705,0.167431858,0.709675446,0.0,12.3028209,0.0,0.222479785,0.040677574,0.010858194,1.495899699,0.6787627279999999
深圳经济特区房地产(集团)股份有限公司_20201231,2020,深圳经济特区房地产(集团)股份有限公司,K,0,0.564602963,0.138242333,0.2063515389999999,0.56094868,31.85172878,-0.98171111,0.0,0.019248651,0.033453632,0.204309648,1.302492301,0.453684846
中国国际贸易中心股份有限公司_20201231,2020,中国国际贸易中心股份有限公司,K,0,0.922736734,0.017838363,0.0,3.2508683960000004,0.697436211,0.125895036,0.0,0.036438676,0.024780202,0.103252678,0.7778117520000001,0.53085317
沙河实业股份有限公司_20201231,2020,沙河实业股份有限公司,K,0,0.035628652,0.13063271,0.267060739,0.369447477,3.759668776,-0.568188523,0.0,0.00051865,0.055336817,0.147627685,0.042058815,0.274751971
上海临港控股股份有限公司_20201231,2020,上海临港控股股份有限公司,K,0,0.0362023329999999,0.173585847,0.147663538,0.595960571,0.270751751,0.667671696,0.000172984,0.003929591,0.323834927,0.054929701,0.0,0.58945901
广州粤泰集团股份有限公司_20201231,2020,广州粤泰集团股份有限公司,K,0,0.880661037,0.120105264,0.256678488,0.5365528829999999,0.158790298,-0.023007489,0.0,0.0079322419999999,0.081555935,0.1577880519999999,-3.917838272,0.343910619
东莞宏远工业区股份有限公司_20201231,2020,东莞宏远工业区股份有限公司,K,0,0.0335757739999999,0.070135857,0.117257196,1.469506176,0.808651509,-0.0993833559999999,0.0002196209999999,0.006594961,0.5712440329999999,0.195020703,-0.474307117,0.2433461089999999
深圳市中洲投资控股股份有限公司_20201231,2020,深圳市中洲投资控股股份有限公司,K,0,0.014037793,0.128166378,0.171884728,0.615183619,0.315777396,-0.0084598,3.74e-06,0.002729752,0.038820484,0.086362083,0.50080804,0.359576523
上海金桥出口加工区开发股份有限公司_20201231,2020,上海金桥出口加工区开发股份有限公司,K,0,0.2177904239999999,0.070798993,0.088482851,2.564371223,0.23771417,0.0,0.062518894,0.005013347,0.511034703,0.076245925,0.451238207,0.5790239
南都物业服务集团股份有限公司_20201231,2020,南都物业服务集团股份有限公司,K,0,0.6739063679999999,0.223760486,0.44669922,4.647341603,0.0,0.558880545,0.0,0.192319596,0.061241345,0.003937245,1.569608563,0.235765645
浙江米奥兰特商务会展股份有限公司_20201231,2020,浙江米奥兰特商务会展股份有限公司,L,0,0.750840475,0.035838503,0.050501267,0.24355979,0.0,0.0,0.0,0.002195848,0.266299328,0.010712227,0.0,0.415930928
太空智造股份有限公司_20201231,2020,太空智造股份有限公司,L,0,0.214029169,0.187425358,0.3059838019999999,0.0,0.084153245,5.345404762,0.0,0.348834266,0.185187524,0.004895078,0.0,0.2915248239999999
上海畅联国际物流股份有限公司_20201231,2020,上海畅联国际物流股份有限公司,L,0,0.4799602679999999,0.278118914,0.208725568,1.787957324,0.0,-1.0,0.001083136,0.086824438,0.020176651,0.006267711,0.563331267,0.222627485
北方联合出版传媒(集团)股份有限公司_20201231,2020,北方联合出版传媒(集团)股份有限公司,R,0,0.3425077239999999,0.584397058,0.075285681,2.492239775,0.0,-0.323874611,0.095083233,0.1082015269999999,0.044924121,0.0038986359999999,1.043238156,0.208861947
青岛城市传媒股份有限公司_20201231,2020,青岛城市传媒股份有限公司,R,0,0.000227715,0.369239037,0.033701105,1.902665256,4.159958267,-0.212650205,0.0,0.099816239,0.031009691,0.0061815709999999,0.764616975,0.3821736579999999
德艺文化创意集团股份有限公司_20201231,2020,德艺文化创意集团股份有限公司,R,0,0.929507058,0.355607688,0.0430555659999999,5.874825794,0.940957093,-1.0,0.247974896,0.220051881,0.02866684,0.001292693,1.087459647,0.205475006
西安博通资讯股份有限公司_20201231,2020,西安博通资讯股份有限公司,S,0,0.0682036999999999,0.073600812,0.63963785,0.0,0.0,0.0,0.001722302,0.004216546,0.077867417,0.002671942,0.7342887790000001,0.545786407
珠海华金资本股份有限公司_20201231,2020,珠海华金资本股份有限公司,S,0,0.0382907679999999,0.055829892,0.01692093,0.0,0.507709366,0.5572631370000001,0.08960326,0.053239455,0.073597575,0.010358819,1.294492627,0.4366703529999999
鞍山重型矿山机器股份有限公司_20201231,2020,鞍山重型矿山机器股份有限公司,C,1,0.999436679,0.1452997369999999,0.007177136,0.509355695,0.0,-0.052753072,0.002189961,0.13702545,0.042415124,0.014223043,0.055868352,0.35016079
安徽古井贡酒股份有限公司_20201231,2020,安徽古井贡酒股份有限公司,C,1,0.571252471,0.106633719,0.311204346,1.463576837,45.65735782,-0.875024719,0.0183825689999999,0.004473261,0.301618619,0.157916729,0.671671208,0.761600009
巴士在线股份有限公司_20201231,2020,巴士在线股份有限公司,L,1,0.068791246,0.003687344,0.94610844,0.0,0.0,-0.832027795,0.0,0.07502121,2.312380503,0.066402371,0.0,0.104612259
北部湾港股份有限公司_20201231,2020,北部湾港股份有限公司,G,1,0.041990194,0.11774087,0.097426063,0.0,0.495173473,0.0,0.072866366,0.020744191,0.145524383,0.0072003169999999,0.6091386870000001,0.36970182
北大医药股份有限公司_20201231,2020,北大医药股份有限公司,C,1,0.439618566,0.3377368839999999,0.238109896,1.931763224,1.868360259,0.102448073,0.000191105,0.522482287,0.041041161,0.006518128,0.0,0.329548921
北海银河生物产业投资股份有限公司_20201231,2020,北海银河生物产业投资股份有限公司,C,1,0.009574119,0.1224497919999999,0.214134925,2.903979178,0.6942426970000001,0.058682084,0.002568429,0.240621286,0.0977235319999999,0.008262783,3.484918113,0.273634463
北京华谊嘉信整合营销顾问集团股份有限公司_20201231,2020,北京华谊嘉信整合营销顾问集团股份有限公司,L,1,0.002231737,0.316328523,0.203861397,0.0,0.048081869,-0.151496263,0.0,0.542222923,0.084079326,0.0026949459999999,-11.37740319,0.216093439
北京嘉寓门窗幕墙股份有限公司_20201231,2020,北京嘉寓门窗幕墙股份有限公司,E,1,0.176629533,0.229091426,0.1913595569999999,2.563475746,0.4692351629999999,0.692471273,0.001240824,0.20506124,0.235496866,0.006766047,9.564030728,0.152576514
北京无线天利移动信息技术股份有限公司_20201231,2020,北京无线天利移动信息技术股份有限公司,I,1,0.408940936,0.5601268739999999,0.04415721,1.251527577,0.0,0.0,0.0,0.048824274,0.1494649519999999,0.001293347,-1.879162232,0.203205233
本钢板材股份有限公司_20201231,2020,本钢板材股份有限公司,C,1,1.002594522,0.13609447,0.021542211,33.74368618,0.6036593170000001,-0.216543447,0.0282607579999999,0.003772138,0.016780491,0.0044340709999999,0.0,0.092399103
财信地产发展集团股份有限公司_20201231,2020,财信地产发展集团股份有限公司,K,1,0.006064198,0.113037795,0.037570092,1.216010387,0.611207924,22468.23285,7.56e-06,0.000521682,0.079934129,0.018237427,0.1125253919999999,0.2243786689999999
长城国际动漫游戏股份有限公司_20201231,2020,长城国际动漫游戏股份有限公司,I,1,0.0,0.03326159,0.281154338,0.0,0.002301702,1.064482877,0.027889751,0.013916555,0.399340054,0.988574387,0.0,0.198851152
长春中天能源股份有限公司_20201231,2020,长春中天能源股份有限公司,D,1,0.0,0.028093381,0.308309209,0.0,0.0400135739999999,-0.478549467,0.2255594769999999,0.018413307,0.3724845979999999,0.058005707,-9.417990093,0.088797954
长园集团股份有限公司_20201231,2020,长园集团股份有限公司,C,1,0.01031156,0.201528723,0.135779142,13.78200898,0.302832013,-0.7501214829999999,0.000472187,0.256964332,0.010709021,0.0082962909999999,0.539720368,0.4259327129999999
成都博瑞传播股份有限公司_20201231,2020,成都博瑞传播股份有限公司,R,1,5.01e-05,0.197522859,0.346768349,0.644788199,71.26476423,0.0,0.000233132,0.05550115,0.264329695,0.019580051,1.291564943,0.3373449429999999
大湖水殖股份有限公司_20201231,2020,大湖水殖股份有限公司,A,1,0.214115941,0.1334688769999999,0.133954666,2.307905468,0.678706368,-0.5801885529999999,0.0027164529999999,0.1036077369999999,0.115095928,0.013016105,0.0,0.222074949
大唐电信科技股份有限公司_20201231,2020,大唐电信科技股份有限公司,C,1,0.01949356,0.162109799,0.3817147489999999,0.0,0.216640598,0.171887478,0.0,0.152391017,0.079562236,0.009930899,-53.96350223,0.232664167
东莞勤上光电股份有限公司_20201231,2020,东莞勤上光电股份有限公司,C,1,0.0,0.212427232,0.0572746509999999,0.630922126,53.43204247,-0.97123679,0.000237102,0.109742095,0.097221542,0.005903998,0.0,0.231785002
方大集团股份有限公司_20201231,2020,方大集团股份有限公司,C,1,0.008213829,0.199305596,0.034820086,3.350047209,0.6485233220000001,-0.101032389,0.014209896,0.069381528,0.057007628,0.0,0.914765727,0.281556817
方正科技集团股份有限公司_20201231,2020,方正科技集团股份有限公司,C,1,0.001378267,0.269034117,0.127528203,0.0,0.32026854,0.295042113,0.0940976819999999,0.138426079,0.023446317,0.005425445,-1.270808968,0.166256634
抚顺特殊钢股份有限公司_20201231,2020,抚顺特殊钢股份有限公司,C,1,1.009151126,0.173201656,0.129393825,1.734923973,0.343960187,7.155455801,0.0032883009999999,0.048825425,0.020792029,0.012118822,0.948947943,0.169751337
辅仁药业集团制药股份有限公司_20201231,2020,辅仁药业集团制药股份有限公司,C,1,7.45e-05,0.034003934,0.247239496,5.238678445,0.014649453,-0.24119112,0.023144252,0.353504837,0.003481649,0.015843437,-30.58921522,0.426386286
甘肃皇台酒业股份有限公司_20201231,2020,甘肃皇台酒业股份有限公司,C,1,0.538357247,0.179415902,0.482930994,0.0,0.136283047,0.0,0.0,0.033601362,0.020626946,0.185308499,0.0,0.441337287
格力地产股份有限公司_20201231,2020,格力地产股份有限公司,K,1,1.57e-05,0.0827735679999999,0.1125837359999999,0.431758595,0.151484393,-0.378567501,0.002151552,0.016513265,0.019155208,0.072126703,0.396216935,0.348741064
冠福控股股份有限公司_20201231,2020,冠福控股股份有限公司,C,1,0.0,0.053472118,0.103799145,0.0,0.312405003,-0.163037294,0.063847223,0.045630017,0.020991924,0.000600216,0.228722494,0.107256718
广东东方锆业科技股份有限公司_20201231,2020,广东东方锆业科技股份有限公司,C,1,0.8686479709999999,0.167846453,0.017047336,0.0,0.234333177,12.02544355,0.076972545,0.0429606109999999,0.009354631,0.0160993239999999,-4.820306621,0.222896296
广东金刚玻璃科技股份有限公司_20201231,2020,广东金刚玻璃科技股份有限公司,C,1,0.216987055,0.198058805,0.144232128,3.090629837,0.08094625,-0.983412085,0.0082479069999999,0.298596666,0.30925387,0.018218125,0.0,0.282484361
广誉远中药股份有限公司_20201231,2020,广誉远中药股份有限公司,C,1,0.0152906339999999,0.1645235669999999,0.069034943,0.720727633,1.172340606,2.122606131,0.000350312,0.455491125,0.082015358,0.014042185,0.0,0.7809582909999999
哈尔滨电气集团佳木斯电机股份有限公司_20201231,2020,哈尔滨电气集团佳木斯电机股份有限公司,C,1,0.0,0.408412506,0.103078944,1.263143485,237.7280896,0.0,0.003842633,0.206002377,0.05056684,0.009133368,0.8498140540000001,0.297185747
海南亚太实业发展股份有限公司_20201231,2020,海南亚太实业发展股份有限公司,K,1,0.0,0.112828225,0.533275313,0.0,0.39425865,11.35252102,0.005970421,0.073771278,0.022042806,0.008732243,0.0,0.1335324219999999
杭州天目山药业股份有限公司_20201231,2020,杭州天目山药业股份有限公司,C,1,0.17167537,0.207990316,0.2065190039999999,0.0,0.064052448,-0.998243652,0.138869523,0.099150919,0.2512740739999999,0.009674914,0.0,0.4110335979999999
合肥丰乐种业股份有限公司_20201231,2020,合肥丰乐种业股份有限公司,A,1,0.098740189,0.185192841,0.055901557,3.280374219,0.584356292,-0.283986001,0.013789135,0.085108624,0.0105819389999999,0.004305979,0.340810041,0.156964154
河南大有能源股份有限公司_20201231,2020,河南大有能源股份有限公司,B,1,0.6670098879999999,0.157397647,0.12513341,0.0,0.702101959,0.184517034,0.032392532,0.051583549,0.070473051,0.037581026,0.0,0.254250951
黑龙江北大荒农业股份有限公司_20201231,2020,黑龙江北大荒农业股份有限公司,A,1,0.996358787,0.103423683,0.195065041,1.6875150769999998,526.7737666,0.139313178,0.005026932,0.001595537,0.104177883,0.002371306,0.934253566,0.763523828
恒逸石化股份有限公司_20201231,2020,恒逸石化股份有限公司,C,1,0.029930202,0.0926395959999999,0.005666125,0.0,0.195246065,-0.024991961,0.082436458,0.0443791159999999,0.021648227,0.001393474,0.902770262,0.0501018409999999
湖北武昌鱼股份有限公司_20201231,2020,湖北武昌鱼股份有限公司,C,1,0.4550948179999999,0.067213868,0.41399641,0.0,0.0,0.0,0.0,0.05461016,0.046756035,0.000252514,0.0,0.245802021
湖南景峰医药股份有限公司_20201231,2020,湖南景峰医药股份有限公司,C,1,0.0,0.090771745,0.1095327909999999,0.0,0.112392568,0.0,0.030706676,0.171879792,0.0348972929999999,0.01864292,0.0,0.71374612
华仁药业股份有限公司_20201231,2020,华仁药业股份有限公司,C,1,0.4366415629999999,0.126957032,0.29709562,2.983858148,0.4261060129999999,-0.6052977589999999,0.003457166,0.252584171,0.061252493,0.013456028,0.0,0.494823138
华锐风电科技(集团)股份有限公司_20201231,2020,华锐风电科技(集团)股份有限公司,C,1,0.842840288,0.4187248779999999,0.0,4.668863767,0.3639511279999999,0.58338225,0.0,0.091350968,0.062459805,0.0113242439999999,0.0,0.238822901
华塑控股股份有限公司_20201231,2020,华塑控股股份有限公司,C,1,0.039987307,0.016909141,0.7412155090000001,0.523241844,0.0,-0.1115712,0.0,0.029805188,0.020224741,0.0121236789999999,0.0,0.1879206239999999
华仪电气股份有限公司_20201231,2020,华仪电气股份有限公司,C,1,0.273015868,0.5287027639999999,0.0,0.0,0.325943392,0.1702041839999999,0.062302431,0.290730501,0.069689476,0.010041285,0.0,0.264774974
怀集登云汽配股份有限公司_20201231,2020,怀集登云汽配股份有限公司,C,1,0.012263553,0.246611597,0.17752043,2.171353448,0.593521581,-0.793197033,0.01362559,0.163807879,0.060506418,0.008494628,0.276664141,0.253702508
淮河能源(集团)股份有限公司_20201231,2020,淮河能源(集团)股份有限公司,G,1,0.074499887,0.1699328819999999,0.059778,0.0,0.362696974,0.980359281,0.017327372,0.064783693,0.015211483,0.007036341,0.4222026239999999,0.1138211119999999
惠而浦(中国)股份有限公司_20201231,2020,惠而浦(中国)股份有限公司,C,1,0.676888281,0.424195847,0.0841408959999999,3.196445794,0.0,-0.873528746,0.045194051,0.223090901,0.010359321,0.006633602,0.0,0.221498325
吉林敖东药业集团股份有限公司_20201231,2020,吉林敖东药业集团股份有限公司,C,1,0.003975581,0.067686074,0.4385485079999999,0.469170565,1.008726499,0.0,0.00486216,0.034768363,0.12382868,0.019106737,4.406684712,0.684352563
吉林省集安益盛药业股份有限公司_20201231,2020,吉林省集安益盛药业股份有限公司,C,1,0.800742073,0.037358307,0.110830531,0.511021748,0.686672576,0.0,0.0096828619999999,0.074043793,0.1137475519999999,0.01779084,0.5392313879999999,0.749060672
吉林紫鑫药业股份有限公司_20201231,2020,吉林紫鑫药业股份有限公司,C,1,0.807033153,0.067010292,0.035220863,0.107812704,0.002317896,0.0,0.033613064,0.092449439,0.2169219869999999,0.063741097,0.0,0.704020018
佳沃农业开发股份有限公司_20201231,2020,佳沃农业开发股份有限公司,C,1,0.005104181,0.174480286,0.274468484,0.0,0.031072069,-0.913636786,0.042477953,0.032283023,0.0056022,0.0004847409999999,-12.07763963,0.114235713
江苏保千里视像科技集团股份有限公司_20201231,2020,江苏保千里视像科技集团股份有限公司,C,1,0.1247845009999999,0.075599169,0.0,0.0,0.04635326,-0.055520469,0.0,0.053435775,0.453340861,0.017109587,0.0,0.27453313
江苏宝利国际投资股份有限公司_20201231,2020,江苏宝利国际投资股份有限公司,C,1,0.581024499,0.0709355929999999,0.024705487,3.546023528,0.631398087,0.4659901489999999,0.00261834,0.1679849219999999,0.018482141,0.00316622,0.039250377,0.128400344
金花企业(集团)股份有限公司_20201231,2020,金花企业(集团)股份有限公司,C,1,0.87975384,0.0567612209999999,0.59032785,0.960895232,7.384404117000001,0.0,0.09693114,0.077679984,0.02440782,0.018997103,0.934582822,0.673850077
酒鬼酒股份有限公司_20201231,2020,酒鬼酒股份有限公司,C,1,0.5890555829999999,0.106462544,0.201853018,0.859584265,0.0,0.0,0.005607239,0.090193645,0.058451878,0.156227275,0.633395268,0.776783406
凯瑞德控股股份有限公司_20201231,2020,凯瑞德控股股份有限公司,I,1,0.0,0.1055322809999999,0.349634365,0.0,0.063979147,-0.004115946,0.0,0.045615388,12.16237825,0.014173935,-30.93324339,0.504306115
康得新复合材料集团股份有限公司_20201231,2020,康得新复合材料集团股份有限公司,C,1,0.001955317,0.041349838,0.14192678,0.0,0.217751596,-0.888327113,0.054686202,0.0698321829999999,0.074172195,0.023602803,-278.31386210000005,0.212056677
康美药业股份有限公司_20201231,2020,康美药业股份有限公司,C,1,0.313413399,0.07617247,0.10498274,0.0,0.017769753,0.7191778879999999,0.0896998359999999,0.06670643,0.078701582,0.02259033,-26.31573548,0.218545401
康欣新材料股份有限公司_20201231,2020,康欣新材料股份有限公司,C,1,0.016085847,0.0626943559999999,0.0769693,0.638557582,0.122864722,-0.055393562,0.007882126,0.04188128,0.363903046,0.007839176,0.0,0.314438557
科达集团股份有限公司_20201231,2020,科达集团股份有限公司,I,1,0.140745431,0.618156138,0.017061014,4.235663434,1.7621501469999998,0.753096503,0.0,0.484554315,0.024547315,0.001478952,0.0,0.101156796
廊坊发展股份有限公司_20201231,2020,廊坊发展股份有限公司,S,1,0.0034066879999999,0.037848333,0.206125696,0.0,3.0821111780000003,-0.802931038,0.002881581,0.076612909,0.125739971,0.014998683,1.5900596530000002,0.202308
莲花健康产业集团股份有限公司_20201231,2020,莲花健康产业集团股份有限公司,C,1,0.721201535,0.144571985,0.103429628,0.0,1.341803362,1.695857687,0.066800398,0.074098167,0.0129180989999999,0.00526944,0.0,0.116935742
林州重机集团股份有限公司_20201231,2020,林州重机集团股份有限公司,C,1,0.8490011690000001,0.068503312,0.0191265589999999,0.0,0.267367185,-0.315302251,0.0214758179999999,0.171421721,0.31722369,0.0188099589999999,0.474694778,0.162255626
柳州两面针股份有限公司_20201231,2020,柳州两面针股份有限公司,C,1,0.231505843,0.329115708,0.075933605,0.473439911,8.460456971000001,1.036272626,0.003756332,0.026759629,0.042795748,0.010846481,5.082459442,0.194120361
鲁银投资集团股份有限公司_20201231,2020,鲁银投资集团股份有限公司,S,1,0.044881594,0.09268164,0.049347052,0.0,0.222537483,-0.01546477,0.000319718,0.14063901,0.0114218069999999,0.0152300389999999,0.663694024,0.1243420069999999
南方双林生物制药股份有限公司_20201231,2020,南方双林生物制药股份有限公司,C,1,0.0,0.0670631209999999,0.259163085,4.509884306,0.291767454,0.0,0.0198060119999999,0.180975563,0.012765997,0.006849909,1.130652438,0.5349686539999999
南京纺织品进出口股份有限公司_20201231,2020,南京纺织品进出口股份有限公司,F,1,0.005087298,0.218890421,0.14705699,0.0,1.273517871,-0.190168921,0.003200845,0.062868264,0.163645269,0.008584861,0.227347056,0.0556219259999999
南京公用发展股份有限公司_20201231,2020,南京公用发展股份有限公司,D,1,0.04122908,0.0703465259999999,0.066869695,5.411616545,0.25157675,-0.342720939,0.0271859879999999,0.035469112,0.071244097,0.039364522,0.0,0.2282096519999999
南京康尼机电股份有限公司_20201231,2020,南京康尼机电股份有限公司,C,1,0.789013712,0.300520157,0.041813493,1.3423979169999998,3.400753543,0.224839735,0.0034392529999999,0.271776056,0.0201249,0.008749078,0.793080815,0.349159552
内蒙古天首科技发展股份有限公司_20201231,2020,内蒙古天首科技发展股份有限公司,C,1,0.0,0.1667399,0.669987562,0.0,1.072266956,-1.55e-05,0.16522681,0.020306925,3.677283954,0.096271315,0.0,0.066122489
宁波东力股份有限公司_20201231,2020,宁波东力股份有限公司,C,1,0.012032728,0.245962148,0.015726038,0.0,0.427131408,-0.079101781,0.004608583,0.142216323,0.027000936,0.01168246,5.247576536,0.17868236
宁波富邦精业集团股份有限公司_20201231,2020,宁波富邦精业集团股份有限公司,C,1,0.13023055,0.110271334,0.026503736,5.50604123,6.440352888,0.125,0.0,0.112679856,0.132239366,0.001318364,0.24924519,0.040245929
宁波圣莱达电器股份有限公司_20201231,2020,宁波圣莱达电器股份有限公司,C,1,2.288144173,0.122679145,0.500531741,0.035466274,0.0,0.0,0.0,0.030305939,0.7599696570000001,0.012778389,0.0,0.025621495
宁夏新日恒力钢丝绳股份有限公司_20201231,2020,宁夏新日恒力钢丝绳股份有限公司,C,1,0.0,0.176812739,0.0357216589999999,0.0,0.1314560169999999,-0.33190352,0.4389461229999999,0.013666493,0.269507604,0.020880071,0.0,0.069708045
宁夏英力特化工股份有限公司_20201231,2020,宁夏英力特化工股份有限公司,C,1,0.998331364,0.615539023,0.137840456,1.681460064,0.0,-0.125,0.002852097,0.31537582,0.010858399,0.015335908,1.027337876,0.161535658
庞大汽贸集团股份有限公司_20201231,2020,庞大汽贸集团股份有限公司,F,1,0.009646718,0.0616085059999999,0.424282885,8.249618005,0.179394231,-0.6472015729999999,0.007601218,0.01456675,0.029413682,0.006785849,0.0,0.073766775
启迪古汉集团股份有限公司_20201231,2020,启迪古汉集团股份有限公司,C,1,0.054137947,0.128801713,0.32201473,0.791399359,68.59057779,0.0,0.089046068,0.1246660669999999,0.069026029,0.027799567,0.539722736,0.529714865
青岛中资中程集团股份有限公司_20201231,2020,青岛中资中程集团股份有限公司,C,1,0.0,0.215176048,0.28011719,0.554471976,0.090332304,-0.339032012,0.097661873,0.1018983619999999,0.328467254,0.011807321,-5.464604706,0.064416227
青海春天药用资源科技股份有限公司_20201231,2020,青海春天药用资源科技股份有限公司,C,1,0.715496803,0.889960621,0.04665632,0.112025985,0.0,0.0,0.0,0.073723995,0.389954501,0.0132835089999999,0.0,0.34006379
青海盐湖工业股份有限公司_20201231,2020,青海盐湖工业股份有限公司,C,1,0.70689617,0.135361747,0.101084252,6.907888653,0.2126550539999999,-0.577728366,0.074714422,0.0456885859999999,0.024459319,0.058261389,0.0,0.340424531
荣安地产股份有限公司_20201231,2020,荣安地产股份有限公司,K,1,0.016134607,0.077235079,0.195531411,0.616167685,0.539904872,6.791837601,0.0,0.003008157,2.412980724,0.0076124769999999,0.0,0.303062753
山东鲁北化工股份有限公司_20201231,2020,山东鲁北化工股份有限公司,C,1,0.273548794,0.3650511729999999,0.044808087,3.688067943,3.529734709,0.0,0.065907022,0.037956201,0.079934962,0.008957795,0.684349306,0.253126288
山东墨龙石油机械股份有限公司_20201231,2020,山东墨龙石油机械股份有限公司,C,1,0.845468585,0.192157605,0.01360502,0.0,0.328617398,0.3732449479999999,0.0014723879999999,0.0874995419999999,0.020648186,0.006351585,0.184507881,0.055293076
山东天业恒基股份有限公司_20201231,2020,山东天业恒基股份有限公司,K,1,0.020852624,0.1100552269999999,0.671323753,0.0,0.356451396,-0.022684185,0.005574399,0.116295719,2.302686085,0.03618565,-0.573421659,0.272505003
山东威达机械股份有限公司_20201231,2020,山东威达机械股份有限公司,C,1,0.305431507,0.537376041,0.061747996,1.25806442,0.0,0.241600236,0.007581401,0.166006908,0.023986767,0.010836222,0.9918409,0.249595537
商赢环球股份有限公司_20201231,2020,商赢环球股份有限公司,C,1,0.0,0.282032976,0.106395672,0.207978566,0.0285089129999999,-0.333507664,0.022027591,0.055578837,0.1598332959999999,0.009723034,0.0,0.234570841
上海安硕信息技术股份有限公司_20201231,2020,上海安硕信息技术股份有限公司,I,1,0.96024663,0.0308135129999999,0.140730825,1.636502569,0.0,-0.086091538,0.0,0.079755651,0.015025253,0.007600626,0.942880477,0.368431609
上海创兴资源开发股份有限公司_20201231,2020,上海创兴资源开发股份有限公司,E,1,0.0,0.608298986,0.140958787,11.25835751,0.494456962,-0.158404768,0.0,0.222918051,0.074029992,0.000798032,0.0,0.14351961
上海大智慧股份有限公司_20201231,2020,上海大智慧股份有限公司,I,1,0.1712604489999999,0.324469103,0.0757342209999999,0.6616642229999999,0.0,-0.72048729,0.00076112,0.034017762,0.1082114519999999,0.004348601,0.0,0.3986665929999999
上海宏达矿业股份有限公司_20201231,2020,上海宏达矿业股份有限公司,B,1,0.022052089,0.0062472269999999,0.024015589,3.13204766,2.298051814,-1.0,0.0,0.031612975,0.00468367,0.001085811,0.049468824,0.083371757
上海加冷松芝汽车空调股份有限公司_20201231,2020,上海加冷松芝汽车空调股份有限公司,C,1,0.424937788,0.448259181,0.034727275,1.54917813,0.0,-0.661066675,0.021136294,0.245377203,0.038503859,0.007328101,0.4675395639999999,0.254766899
上海开开实业股份有限公司_20201231,2020,上海开开实业股份有限公司,F,1,0.06854265,0.285656299,0.380020357,2.9044963860000004,0.0,-0.225408113,0.0,0.107461433,0.019749888,0.007438361,0.287530506,0.225856639
上海康达化工新材料集团股份有限公司_20201231,2020,上海康达化工新材料集团股份有限公司,C,1,0.888219335,0.293679199,0.001885722,1.59772079,0.77852355,310.1693522,0.009302125,0.327150707,0.00293282,0.00324002,0.0,0.318704626
上海科泰电源股份有限公司_20201231,2020,上海科泰电源股份有限公司,C,1,0.84392713,0.4294550339999999,0.0294320179999999,1.646517737,1.055618408,-0.843151097,0.005682458,0.308365597,0.080235579,0.003985358,0.0,0.1780972639999999
上海宽频科技股份有限公司_20201231,2020,上海宽频科技股份有限公司,C,1,0.967149201,0.114158028,0.036577396,12.73558188,0.0,0.0,0.0,0.695505292,0.004677795,0.000991652,0.0,0.0122234689999999
上海中毅达股份有限公司_20201231,2020,上海中毅达股份有限公司,E,1,0.0,0.070412953,0.159124065,0.0,0.104735125,-0.064218439,0.002973569,0.018909791,0.035977445,0.007399477,14.60632788,0.084597798
深圳大通实业股份有限公司_20201231,2020,深圳大通实业股份有限公司,L,1,0.008327184,0.369863184,0.370730412,1.501163249,0.0,0.027369334,0.035389683,0.135921794,0.076833767,0.0016725779999999,0.0,0.196661715
深圳海联讯科技股份有限公司_20201231,2020,深圳海联讯科技股份有限公司,I,1,0.624226949,0.1924190919999999,0.005907799,0.742793067,18.60954069,0.0,0.0,0.053992837,0.015194859,0.006182998,2.015697507,0.219818406
深圳劲嘉集团股份有限公司_20201231,2020,深圳劲嘉集团股份有限公司,C,1,0.425657481,0.371016503,0.10938147,1.6496841969999998,27.14468935,0.490779572,0.01325139,0.068186018,0.042331169,0.012120638,0.947445637,0.4116834139999999
深圳美丽生态股份有限公司_20201231,2020,深圳美丽生态股份有限公司,E,1,0.016106973,0.448925801,0.453134775,10.98126502,0.0,-0.998771049,0.0,0.558903755,0.087552474,0.001994692,0.0,0.1779462
深圳南山热电股份有限公司_20201231,2020,深圳南山热电股份有限公司,D,1,0.381608106,0.009973656,0.032977442,0.882959743,1.131855823,-1.0,0.014162565,0.0282349639999999,0.046638306,0.008673763,0.241075066,0.112494049
深圳市朗科科技股份有限公司_20201231,2020,深圳市朗科科技股份有限公司,C,1,0.605328514,0.589603287,0.12947804,1.780515333,0.0,0.3196556,0.0,0.1043780969999999,0.033527742,0.001913977,4.376560003,0.128112867
深圳市全新好股份有限公司_20201231,2020,深圳市全新好股份有限公司,K,1,0.575643785,0.019332086,0.960025355,0.878249328,0.0,-0.996464775,0.0,0.0,0.160885844,0.026787223,0.0,0.690753064
深圳市索菱实业股份有限公司_20201231,2020,深圳市索菱实业股份有限公司,C,1,0.085684938,0.11560822,0.18468824,0.0,0.050534616,0.0,0.000905505,0.224861284,0.077278562,0.004036495,0.0,0.248439801
深圳市物业发展(集团)股份有限公司_20201231,2020,深圳市物业发展(集团)股份有限公司,K,1,0.015629999,0.055572822,0.176622389,0.6994766490000001,1.160502177,2.037830498,0.0,0.01537578,0.097938015,0.3199874139999999,2.665783484,0.568850926
深圳市新纶科技股份有限公司_20201231,2020,深圳市新纶科技股份有限公司,C,1,0.177542363,0.107809486,0.031272471,0.0,0.050923579,-0.949605895,0.035042508,0.067941365,0.032036866,0.01163533,-3.35595694,0.233156014
深圳市兆新能源股份有限公司_20201231,2020,深圳市兆新能源股份有限公司,C,1,0.462639164,0.083470385,0.271753276,0.0,0.0701035409999999,1.863522765,0.0023968,0.1680187689999999,0.076591897,0.013505534,-1.6471228759999998,0.360124862
沈阳机床股份有限公司_20201231,2020,沈阳机床股份有限公司,C,1,0.696332891,0.188412016,0.324114776,0.0,0.267053967,-0.8970042290000001,0.004242388,0.105225872,0.032891541,0.012231872,0.0,-0.063738364
盛达金属资源股份有限公司_20201231,2020,盛达金属资源股份有限公司,B,1,9.01e-05,0.129573825,0.087709472,398.21839460000007,0.568119458,0.0,0.156558914,0.005572118,0.089798555,0.04809039,0.820939326,0.493128125
视觉(中国)文化发展股份有限公司_20201231,2020,视觉(中国)文化发展股份有限公司,R,1,0.092532715,0.142776179,0.057544028,13.35185325,0.538882387,-0.646469169,0.0,0.04482938,0.0212471879999999,0.007073925,1.629527394,0.631322181
四川浩物机电股份有限公司_20201231,2020,四川浩物机电股份有限公司,F,1,0.001893217,0.139742719,0.078883462,5.069192966,0.668501676,-0.387492788,0.015148386,0.083991168,0.0577093579999999,0.0026502709999999,0.71841523,0.227897105
四川金顶(集团)股份有限公司_20201231,2020,四川金顶(集团)股份有限公司,C,1,0.0014571739999999,0.0843970659999999,0.130729265,0.0,0.143760935,1.086696095,0.262561541,0.003513838,0.25192571,0.044038205,0.556823753,0.283585784
四川科伦药业股份有限公司_20201231,2020,四川科伦药业股份有限公司,C,1,0.362331141,0.0892933069999999,0.204697915,6.741672605,0.239608441,-0.815375133,0.026276699,0.17756415,0.0243145029999999,0.012072003,0.455064729,0.537252411
四川明星电力股份有限公司_20201231,2020,四川明星电力股份有限公司,D,1,0.77823053,0.2459031519999999,0.184891666,8.307731279,3.23488561,-0.815918282,0.044113805,0.004097045,0.07590493,0.0132811689999999,0.556756626,0.128738531
四川西昌电力股份有限公司_20201231,2020,四川西昌电力股份有限公司,D,1,0.92702152,0.095807278,0.262077988,0.0,0.1683807389999999,-0.895471595,0.38503455,0.023179704,0.039699295,0.010788441,0.1982657789999999,0.2373689769999999
天津环球磁卡股份有限公司_20201231,2020,天津环球磁卡股份有限公司,C,1,0.02349504,0.1003582319999999,0.12897021,0.0,0.637117842,2.934241865,0.00092042,0.015325685,0.001536769,0.007307509,0.879278893,0.171199693
天马轴承集团股份有限公司_20201231,2020,天马轴承集团股份有限公司,C,1,0.0,0.082001621,0.2434584669999999,0.917664563,1.73361912,-0.579960419,0.000605753,0.04188992,0.0912242519999999,0.012557457,3.501406364,0.1851313889999999
天下秀数字科技(集团)股份有限公司_20201231,2020,天下秀数字科技(集团)股份有限公司,I,1,0.211309485,0.516668647,0.266031595,0.94670808,0.0,5.856563343,0.000406418,0.354902379,0.015028143,0.003422619,0.0,0.189527496
潍坊亚星化学股份有限公司_20201231,2020,潍坊亚星化学股份有限公司,C,1,1.035949902,0.206081495,0.041866894,0.0,0.022102011,-0.911188941,0.3824235139999999,0.005665334,1.375295486,0.093730705,0.0,0.098718728
文峰大世界连锁发展股份有限公司_20201231,2020,文峰大世界连锁发展股份有限公司,F,1,0.29096947,0.22542146,0.171968502,12.23345239,0.0,0.044614247,0.08428948,0.002681885,0.124271351,0.03742221,0.584365557,0.247650216
武汉华中数控股份有限公司_20201231,2020,武汉华中数控股份有限公司,C,1,0.489109788,0.229478328,0.03102769,1.374202939,0.7432983459999999,0.0,0.0021651279999999,0.215706299,0.219301115,0.0061072919999999,0.7246942009999999,0.357614956
武汉金运激光股份有限公司_20201231,2020,武汉金运激光股份有限公司,C,1,0.52977628,0.275674851,0.112315499,4.394712258,1.122314918,-0.377851179,0.000367218,0.071994934,0.08066176,0.005517958,0.0,0.342118891
厦门安妮股份有限公司_20201231,2020,厦门安妮股份有限公司,I,1,0.144018822,0.181517875,0.121337644,0.433460486,1.184836776,-0.642806352,0.0,0.118879963,0.104091975,0.012391638,0.0,0.272341408
协鑫集成科技股份有限公司_20201231,2020,协鑫集成科技股份有限公司,C,1,0.083690239,0.268964763,0.224726963,0.0,0.87397298,-0.6767269579999999,0.012691793,0.139317673,0.459235459,0.003040699,-2.621419018,0.115255145
新疆合金投资股份有限公司_20201231,2020,新疆合金投资股份有限公司,C,1,0.007536762,0.166381678,0.2992955089999999,1.541227423,0.503679089,0.0,0.0,0.149172719,0.007437551,0.013025169,0.0,0.185028946
新疆天山水泥股份有限公司_20201231,2020,新疆天山水泥股份有限公司,C,1,0.041488194,0.270446931,0.09353007,9.988023309,1.4921190169999998,1.929963469,0.026175192,0.041025662,0.025071189,0.01506524,0.842450128,0.321155289
新洋丰农业科技股份有限公司_20201231,2020,新洋丰农业科技股份有限公司,C,1,0.355901455,0.258481226,0.058993685,3.568593675,4.109915447,1.447179134,0.066695697,0.016633202,0.035670555,0.003329004,0.494090518,0.18190252
延安必康制药股份有限公司_20201231,2020,延安必康制药股份有限公司,C,1,0.0,0.15023568,0.2155474489999999,0.0,0.138924198,-0.310213189,0.2819139639999999,0.2248254489999999,0.083869165,0.009098174,0.0,0.312606697
宜宾五粮液股份有限公司_20201231,2020,宜宾五粮液股份有限公司,C,1,7.12e-07,0.129439031,0.106760385,0.74952289,0.0,34.81433461,0.012997597,0.163398054,0.039141992,0.141175838,1.893169394,0.7292495720000001
盈方微电子股份有限公司_20201231,2020,盈方微电子股份有限公司,C,1,0.0,0.108482049,0.555508228,0.0,0.89631513,0.0,0.0,0.37923473,0.0198081669999999,0.002141126,0.0,0.1638204909999999
云南云投生态环境科技股份有限公司_20201231,2020,云南云投生态环境科技股份有限公司,A,1,0.943217326,0.196456705,0.041929232,0.0,0.246902657,-0.587002989,0.0,0.074047106,0.474556236,0.009114775,-0.993126065,0.229728961
浙江步森服饰股份有限公司_20201231,2020,浙江步森服饰股份有限公司,C,1,0.769422713,0.282148794,0.281033101,4.312201247,0.0,0.0,0.0,0.089836687,0.032867963,0.006853933,0.0,0.327566716
浙江钱江摩托股份有限公司_20201231,2020,浙江钱江摩托股份有限公司,C,1,0.548386053,0.4631147329999999,0.09009711,2.779230974,0.0,-0.622908362,0.03594219,0.1450121369999999,0.050567289,0.049677245,0.600241127,0.228186655
浙江仁智股份有限公司_20201231,2020,浙江仁智股份有限公司,B,1,0.062953229,0.2174937069999999,0.0647582979999999,0.0,1.546695986,-0.232153538,0.0,0.178064447,0.236038823,0.011782783,0.0,0.095323509
浙江祥源文化股份有限公司_20201231,2020,浙江祥源文化股份有限公司,R,1,0.042445526,0.315866852,0.342086459,0.342195836,69.20295862,0.0,0.0,0.260748268,1.604910246,0.004613407,0.188058222,0.398923115
浙江众合科技股份有限公司_20201231,2020,浙江众合科技股份有限公司,C,1,0.544774891,0.416216849,0.0104727309999999,6.519404894,0.4686479189999999,-0.28044428,0.042867042,0.195355179,0.0380425879999999,0.008261819,-0.862040162,0.270254224
郑州宇通客车股份有限公司_20201231,2020,郑州宇通客车股份有限公司,C,1,0.968144437,0.312310192,0.128344607,2.7367061,82.0112697,-0.55338611,0.0232309079999999,0.271804715,0.044022657,0.008378227,0.085189374,0.242578724
中安科股份有限公司_20201231,2020,中安科股份有限公司,I,1,0.178315473,0.143841185,0.418383866,0.0,0.288261741,-0.378274911,0.005338528,0.138728799,0.180761723,0.002030448,-0.8818490840000001,0.170485013
中基健康产业股份有限公司_20201231,2020,中基健康产业股份有限公司,C,1,0.03539891,0.080917955,0.6910290259999999,0.0,1.814122361,-0.992258364,0.0,0.2448891389999999,0.3403520229999999,0.125685356,0.0,-0.090415915
中交地产股份有限公司_20201231,2020,中交地产股份有限公司,K,1,0.001136342,0.1034660269999999,0.0497926459999999,0.238964412,0.304061364,0.69710534,4.23e-06,0.000119847,0.145963217,0.037645289,0.0,0.26850845
中捷资源投资股份有限公司_20201231,2020,中捷资源投资股份有限公司,C,1,0.005778197,0.74925209,0.0309221789999999,1.630267233,0.0,-0.904809637,0.002549753,0.145196414,0.09088917,0.010628138,0.0,0.165326369
重庆博腾制药科技股份有限公司_20201231,2020,重庆博腾制药科技股份有限公司,C,1,0.7293525759999999,0.26724321,0.05002283,1.729438055,3.058455008,-0.1257722,0.042017233,0.089174314,0.040588068,0.002743696,0.698366032,0.3787818639999999
重庆渝开发股份有限公司_20201231,2020,重庆渝开发股份有限公司,K,1,0.752275067,0.081293082,0.6566679529999999,0.195667358,1.089759673,-0.556012077,0.0,0.001485979,0.15110096,0.028333588,0.0,0.332487651
珠海中富实业股份有限公司_20201231,2020,珠海中富实业股份有限公司,C,1,0.508835797,0.032823603,0.131538129,0.0,0.065233045,0.593550185,0.006819384,0.060591923,0.06097887,0.0151589239999999,-0.472629517,0.195679517
紫金矿业集团股份有限公司_20201231,2020,紫金矿业集团股份有限公司,B,1,0.024853418,0.0514589959999999,0.156614554,0.0,0.161804768,0.208520297,0.081781965,0.006260925,0.00359079,0.0145724539999999,0.787736525,0.122677605
恺英网络股份有限公司_20201231,2020,恺英网络股份有限公司,I,1,0.0,0.475513718,0.0621309259999999,1.059814102,0.0,-0.134033703,0.0,0.1124907419999999,0.1006676919999999,0.00344324,2.2573237280000003,0.6957384759999999
